name,gender,email,phone
Leroy Fitton,Male,lfitton0@state.tx.us,7731928924
Lorettalorna Danelut,Female,ldanelut1@eventbrite.com,1602323390
Dannye Andreoletti,Female,dandreoletti2@behance.net,8574592186
Gerhardt Sanders,Male,gsanders3@webnode.com,4781638552
Rutherford Dixcey,Male,rdixcey4@w3.org,6346177196
Juanita Cannell,Female,jcannell5@gnu.org,6744776968
Cassie Possek,Female,cpossek6@ox.ac.uk,4947341876
Chiquita Lineham,Female,clineham7@themeforest.net,2083390134
Vernen Willingam,Male,vwillingam8@joomla.org,9776827651
Heywood Titterton,Male,htitterton9@google.nl,1698650866
